post_date,base_trading_day,title,sentiment,sentiment_score,sentiment_source,url,prev_close,base_close,base_day_intraday_%,T+1_%,T+5_%,T+10_%,T+20_%,max_gain_20d_%,max_draw_20d_%
2026-03-27,2026-03-27,"人間四月芳菲盡 山寺桃花始盛開做頭明顯或❤️打底完成❤️意會",bullish,1,input,https://www.cmoney.tw/forum/article/177745454,3065,3040,1,,,,,,
2026-03-25,2026-03-25,"熱騰騰出爐的 ❤️ 世芯 最新（基本面）分享",bullish,1,input,https://www.cmoney.tw/forum/article/177695109,3110,3150,-2.48,-2.7,,,,2.7,-5.71
2026-03-22,2026-03-23,"大摩從3/6 世芯法說後 突然變啞巴然後前天❤️終於出來了❤️ 各位世芯的好朋友",bullish,1,input,https://www.cmoney.tw/forum/article/177615443,3375,3190,-3.33,-2.51,,,,3.76,-6.9
2026-03-20,2026-03-20,"土地公伯伯生日 ➕龍抬頭➕春分我們的世芯 ❤️終於 龍抬頭❤️ 各位世芯的好朋友",bullish,1,input,https://www.cmoney.tw/forum/article/177577280,3220,3375,4.17,-5.48,-9.93,,,-1.19,-12
2026-03-19,2026-03-19,"故技重施的（他股出貨者）之報告我都懶得看",bearish,-1,input,https://www.cmoney.tw/forum/article/177555180,3300,3220,0.63,4.81,-4.81,,,9.16,-7.76
2026-03-17,2026-03-17,"一介女流要打空頭禿鷹實在辛苦大隻雞 通常慢啼飆股起漲前",bullish,1,input,https://www.cmoney.tw/forum/article/177490530,3125,3190,0.95,3.45,-2.51,,,10.19,-6.9
2026-03-13,2026-03-13,"有些基本面很好的股票卻還沒漲不是時間未到",neutral,0,input,https://www.cmoney.tw/forum/article/177418012,3315,3190,-2.15,-2.04,5.8,-4.7,,10.19,-6.9
2026-03-11,2026-03-11,"世芯的新朋友 應該會嚇到而老朋友 吃瓜看戲的 是最大贏家❤️ 各位世芯的好朋友們",bullish,1,input,https://www.cmoney.tw/forum/article/177352057,3060,3365,8.72,-1.49,-1.93,-6.39,,4.46,-11.74
2026-03-10,2026-03-10,"短線交易者 慎入長期價值型投資者觀察3000是鐵板區否",bullish,1,input,https://www.cmoney.tw/forum/article/177327290,2995,3060,-0.49,9.97,4.25,1.63,,14.87,-2.94
2026-03-08,2026-03-09,"針對世芯3/6法說中揭示：2026 營收與 毛利之變化",bullish,1,input,https://www.cmoney.tw/forum/article/177280363,3310,2995,-0.66,2.17,4.34,6.51,,17.36,-0.83
2026-03-06,2026-03-06,"從我的視角看世芯法說重點並從博通跟邁威爾亮眼財報我看到了",bullish,1,input,https://www.cmoney.tw/forum/article/177260334,3270,3310,1.85,-9.52,-3.63,1.96,,6.19,-10.27
2026-03-04,2026-03-04,"利用大盤崩跌造成的恐慌氛圍",bearish,-1,input,https://www.cmoney.tw/forum/article/177202666,3355,3120,-4.88,4.81,7.85,5.77,,12.66,-4.81
2026-03-01,2026-03-02,"坐板凳看戲❤️ 手上沒票的 應該比較焦慮靜觀其變 各位世芯的好朋友們",bullish,1,input,https://www.cmoney.tw/forum/article/177121270,3490,3440,1.18,-2.47,-12.94,-9.16,,2.76,-13.66
2026-02-28,2026-03-02,"228連假實在驚濤駭浪完全印證赤馬紅羊年的動盪不安要小心 各位世芯的好朋友們",bullish,1,input,https://www.cmoney.tw/forum/article/177110983,3490,3440,1.18,-2.47,-12.94,-9.16,,2.76,-13.66
2026-02-27,2026-03-02,"默默耕耘 低調努力的世芯終於迎來（遲來的春天）恭喜大家❤️ 各位世芯的好朋友們",bullish,1,input,https://www.cmoney.tw/forum/article/177103208,3490,3440,1.18,-2.47,-12.94,-9.16,,2.76,-13.66
2026-02-26,2026-02-26,"新年快樂 馬年發大財越洗的股票 洗完越會噴只是怕您已不在 各位世芯的好朋友們",bullish,1,input,https://www.cmoney.tw/forum/article/177081340,3480,3490,0.29,-1.43,-5.16,-8.6,-12.89,1.29,-14.9
2026-02-11,2026-02-11,"刻意打壓只為進萬般拉抬只為出股市就是個 ❤️人吃人的市場❤️ 各位世芯的好朋友們",bullish,1,input,https://www.cmoney.tw/forum/article/176872240,3300,3380,2.74,-1.48,1.78,-11.39,-5.62,4.59,-11.83
2026-02-10,2026-02-10,"2026被理想汽車寄予厚望最新的旗艦智能SUV2/6已官宣 各位世芯的好朋友們",neutral,0,input,https://www.cmoney.tw/forum/article/176855834,3285,3300,-0.45,2.42,5.76,0.3,2.27,7.12,-9.7
2026-02-06,2026-02-06,"邏輯有毛病的（不專業報告）隨便看看就好司馬昭之心路人皆知 各位世芯的好朋友們",neutral,0,input,https://www.cmoney.tw/forum/article/176770102,3245,3115,-3.86,5.46,10.11,0.16,5.94,13.48,-4.33
2026-02-04,2026-02-04,"爾虞我詐的融資與借券放空",neutral,0,input,https://www.cmoney.tw/forum/article/176702198,3320,3385,1.96,-4.14,-0.15,1.62,-7.68,4.43,-11.96
2026-02-02,2026-02-02,"世芯 （最新基本面）再次更新：續上篇（前天週六1/31）❤️ 各位世芯的好朋友們",neutral,0,input,https://www.cmoney.tw/forum/article/176647313,3125,3140,3.12,5.73,4.62,10.83,5.57,12.58,-5.1
2026-01-31,2026-02-02,"世芯的（基本面）最新更新敬告：非（中長期價值投資者）慎入 各位世芯的好朋友們",bullish,1,input,https://www.cmoney.tw/forum/article/176616916,3125,3140,3.12,5.73,4.62,10.83,5.57,12.58,-5.1
2026-01-21,2026-01-21,"覆巢之下 豈有完卵乎 很抱歉",bullish,1,input,https://www.cmoney.tw/forum/article/176344108,3395,3240,-3.86,1.08,4.01,4.48,6.17,13.12,-6.17
2026-01-19,2026-01-19,"我能講的早預告 看技術線型做世芯者 被洗下車或停損 剛好而已 各位世芯的好朋友們",neutral,0,input,https://www.cmoney.tw/forum/article/176281040,3340,3435,2.69,-1.16,2.47,-8.59,1.31,6.7,-11.5
2026-01-15,2026-01-15,"從今日台積電法說",bullish,1,input,https://www.cmoney.tw/forum/article/176205712,3460,3320,-4.05,0.6,-1.36,-1.51,0.3,10.39,-8.43
2026-01-14,2026-01-14,"純看技術線型的想賺（快錢）的",bearish,-1,input,https://www.cmoney.tw/forum/article/176174140,3675,3460,-6.11,-4.05,-6.36,-2.6,-2.31,5.92,-12.14
2026-01-12,2026-01-12,"一堆股票（包含台積電）股價都漲到2027預估之EPS去了",bullish,1,input,https://www.cmoney.tw/forum/article/176113141,3570,3630,0.55,1.24,-5.37,-3.03,-9.5,2.89,-16.25
2026-01-07,2026-01-07,"連漲7天的世芯",bullish,1,input,https://www.cmoney.tw/forum/article/176003080,3735,3680,-2.39,-2.17,-5.98,-11.96,-8.02,1.63,-17.39
2026-01-02,2026-01-02,"一年復始 萬象更新盤面強弱分明世芯是否如我預告一去不回頭 各位世芯的好朋友們",bearish,-1,input,https://www.cmoney.tw/forum/article/175881271,3510,3635,0.97,0.41,-1.79,-8.12,-14.03,5.23,-14.03
2025-12-30,2025-12-30,"12/30 世芯於富邦證券之法說會 ❤️重點分享❤️ 各位世芯的好朋友們",neutral,0,input,https://www.cmoney.tw/forum/article/175834088,3390,3485,3.41,0.72,5.6,-0.72,-3.3,9.76,-7.03
2025-12-29,2025-12-29,"路遙知馬力 日久見人心期盼社會安定 世界和平否極泰來 各位世芯的好朋友們",bullish,1,input,https://www.cmoney.tw/forum/article/175808373,3215,3390,4.79,2.8,10.18,8.41,1.18,12.83,-4.42
2025-12-20,2025-12-22,"當明天或意外 不知何者先到時",neutral,0,input,https://www.cmoney.tw/forum/article/175656033,3215,3225,-1.68,-0.16,8.06,14.11,0.47,18.6,-2.02
2025-12-17,2025-12-17,"雖然往上壓力重重 但世芯努力往上突破關卡因妖股漲跌沒在看線型 各位世芯的好朋友們",bullish,1,input,https://www.cmoney.tw/forum/article/175585720,3015,3200,4.92,-0.94,-0.63,13.59,4.38,19.53,-2.66
2025-12-16,2025-12-16,"世芯未來基本面無虞",bullish,1,input,https://www.cmoney.tw/forum/article/175566515,3170,3015,-4.44,6.14,6.8,16.42,10.12,26.87,-0.33
2025-12-10,2025-12-10,"11月營收年減61.36趴真恐怖",bullish,1,input,https://www.cmoney.tw/forum/article/175444894,3260,3370,2.43,-2.23,-5.04,-5.64,5.93,13.5,-10.98
2025-12-09,2025-12-09,"正義不是不會來 只是遲到了❤️ 而您對世芯的初心與信念是否動搖 各位世芯的好朋友",neutral,0,input,https://www.cmoney.tw/forum/article/175410958,3120,3260,0.31,3.37,-7.52,-1.23,10.43,17.33,-7.98
2025-12-03,2025-12-03,"面對忽大漲 忽大跌的盤勢 且多空消息紛歧的狀況 該如何應對",neutral,0,input,https://www.cmoney.tw/forum/article/175288405,3420,3190,-7.54,-0.63,5.64,0.31,13.95,17.4,-5.96
2025-12-01,2025-12-01,"這是今天的第二篇文",neutral,0,input,https://www.cmoney.tw/forum/article/175240289,3305,3290,-0.45,3.95,-5.17,-3.65,5.93,7.9,-8.81
2025-12-01,2025-12-01,"千元以上股價俱樂部崩跌 ❤️世芯的獨強 ❤️我看到了什麼貓膩",bullish,1,input,https://www.cmoney.tw/forum/article/175234683,3305,3290,-0.45,3.95,-5.17,-3.65,5.93,7.9,-8.81
2025-11-28,2025-11-28,"這是我改變發言風格的 （小作文）❤️ 給粉絲們的 溫馨小驚喜❤️ 我最親愛的粉絲",bullish,1,input,https://www.cmoney.tw/forum/article/175202675,3285,3305,-0.75,-0.45,-4.54,-2.57,2.57,5.45,-9.23
2025-11-26,2025-11-26,"再次築底成功",bullish,1,input,https://www.cmoney.tw/forum/article/175147354,2950,3110,3.67,5.63,2.57,8.36,2.25,12.06,-3.54
2025-11-20,2025-11-20,"❤️ 這是今天的❤️第二篇文❤️ 若您還沒看過 我今天發的第一篇文",bullish,1,input,https://www.cmoney.tw/forum/article/175048700,3320,3075,-9.02,-2.76,6.83,3.09,3.09,13.33,-5.37
2025-11-20,2025-11-20,"❤️ ❤️今天 又是什麼鬼故事",bullish,1,input,https://www.cmoney.tw/forum/article/175038872,3320,3075,-9.02,-2.76,6.83,3.09,3.09,13.33,-5.37
2025-11-18,2025-11-18,"❤️ ❤️關鍵時刻才發文❤️ 我們的世芯 相對大盤 強勢了 好幾天",bullish,1,input,https://www.cmoney.tw/forum/article/174991718,3610,3250,-8.71,2.15,-9.23,5.23,-7.23,7.23,-10.46
2025-11-14,2025-11-14,"❤️ ❤️這是一篇（測試文）",bullish,1,input,https://www.cmoney.tw/forum/article/174920044,3525,3510,2.18,2.85,-14.81,-5.84,-8.26,3.7,-17.09
2025-11-12,2025-11-12,"❤️ 今天是極短文",bullish,1,input,https://www.cmoney.tw/forum/article/174865960,3635,3520,-3.83,0.14,-5.68,-11.65,-4.26,3.41,-17.33
2025-11-10,2025-11-10,"❤️各位世芯的好朋友們",bullish,1,input,https://www.cmoney.tw/forum/article/174815397,3565,3715,2.2,-2.15,-2.83,-20.05,-16.02,0.27,-21.67
2025-11-07,2025-11-07,"❤️ 今天是立冬",bullish,1,input,https://www.cmoney.tw/forum/article/174766308,3670,3565,-1.66,4.21,-1.54,-16.13,-11.5,4.49,-18.37
2025-11-06,2025-11-06,"❤️ 非常恭喜 🎉還在車上的所有人",bullish,1,input,https://www.cmoney.tw/forum/article/174733111,3340,3670,6.69,-2.86,-3.95,-16.21,-13.62,1.5,-20.71
2025-11-05,2025-11-05,"❤️❤️ 寫文的此時",neutral,0,input,https://www.cmoney.tw/forum/article/174716540,3445,3340,-0.74,9.88,5.39,-0.6,-4.49,11.53,-12.87
2025-11-04,2025-11-04,"❤️ 近期因為 有接了些案子",neutral,0,input,https://www.cmoney.tw/forum/article/174682055,3450,3445,-0.72,-3.05,5.52,-5.66,-0.73,8.13,-15.53
2025-10-30,2025-10-30,"❤️ 今天的重點",bullish,1,input,https://www.cmoney.tw/forum/article/174599491,3250,3355,1.21,4.17,9.39,5.07,-2.09,11.03,-13.26
2025-10-29,2025-10-29,"❤️❤️ 好久不見",bullish,1,input,https://www.cmoney.tw/forum/article/174564337,3065,3250,5.69,3.23,2.77,8.31,-4.31,14.62,-10.46
2025-10-23,2025-10-23,"❤️剛已打電話與世芯公司再次確定",bullish,1,input,https://www.cmoney.tw/forum/article/174466273,3220,3150,-0.32,-2.7,10.95,13.17,-5.08,18.25,-5.87
2025-10-21,2025-10-21,"❤️❤️ 今天發這個文",bullish,1,input,https://www.cmoney.tw/forum/article/174427374,3235,3355,2.29,-4.02,-3.13,-0.45,-1.04,11.03,-9.99
2025-10-20,2025-10-20,"❤️❤️ 今天 會是 （極短）的文",bullish,1,input,https://www.cmoney.tw/forum/article/174395481,3085,3235,3.69,3.71,-5.26,6.49,0.46,15.15,-6.65
2025-10-17,2025-10-17,"❤️❤️ 說 今天不想發文",bullish,1,input,https://www.cmoney.tw/forum/article/174357810,3095,3085,0.33,4.86,-0.65,11.83,17.02,20.75,-2.11
2025-10-16,2025-10-16,"❤️❤️ 今天改變一下我的發文風格",bullish,1,input,https://www.cmoney.tw/forum/article/174337939,3080,3095,-1.43,-0.32,1.78,12.92,13.41,20.36,-2.42
2025-10-16,2025-10-16,"❤️❤️ 今天改變一下我的發文風格",bullish,1,input,https://www.cmoney.tw/forum/article/174337934,3080,3095,-1.43,-0.32,1.78,12.92,13.41,20.36,-2.42
2025-10-15,2025-10-15,"❤️❤️ 今天因為有事",bullish,1,input,https://www.cmoney.tw/forum/article/174310858,3075,3080,3.36,0.49,4.55,8.93,14.45,20.94,-1.95
2025-10-14,2025-10-14,"❤️❤️ 在此替世芯公告：股東們望周知",neutral,0,input,https://www.cmoney.tw/forum/article/174292827,3370,3075,-2.23,0.16,9.11,5.69,14.47,21.14,-3.25
2025-10-13,2025-10-13,"❤️❤️ 今天 其實 在醫院跑了一天",bullish,1,input,https://www.cmoney.tw/forum/article/174265874,3515,3370,-0.15,-8.75,-4.01,-9.05,7.86,10.53,-11.72
2025-10-09,2025-10-09,"❤️❤️ 最近 我似乎被爆料同學會針對",neutral,0,input,https://www.cmoney.tw/forum/article/174207242,3445,3515,0.86,-4.13,-12.23,-12.8,5.69,5.97,-15.36
2025-10-07,2025-10-07,"❤️❤️ 其實 應該蠻多人跟我一樣",bearish,-1,input,https://www.cmoney.tw/forum/article/174149867,3310,3460,1.32,-0.43,-10.98,-6.94,6.07,6.07,-14.02
2025-10-03,2025-10-03,"❤️ 因為這兩天 必需為了眼疾及流感跑醫院",neutral,0,input,https://www.cmoney.tw/forum/article/174103409,3285,3310,0.76,4.53,-7.1,1.36,0.91,7.1,-10.12
2025-10-01,2025-10-01,"❤️❤️ 用餐愉快",bullish,1,input,https://www.cmoney.tw/forum/article/174059756,3465,3395,-3,-3.24,3.53,-9.13,1.62,4.42,-12.37
2025-09-30,2025-09-30,"❤️❤️ 關鍵時刻",bullish,1,input,https://www.cmoney.tw/forum/article/174034419,3275,3465,6.13,-2.02,-0.58,-10.68,0.87,2.31,-14.14
2025-09-26,2025-09-26,"❤️ 大跌崩盤時發文",bearish,-1,input,https://www.cmoney.tw/forum/article/173996502,3370,3275,-1.8,5.8,5.65,-5.95,2.44,8.24,-9.16
2025-09-24,2025-09-24,"致 世芯版上 我最愛的粉絲們",bullish,1,input,https://www.cmoney.tw/forum/article/173949957,3700,3410,-8.33,-1.17,-3.67,-1.17,-10.12,3.96,-12.76
2025-09-24,2025-09-24,"悽悽慘慘 我當箭靶 愛罵愛酸 高興就好 早有預警 九月難做 大跌進場 否則休養",bullish,1,input,https://www.cmoney.tw/forum/article/173946161,3700,3410,-8.33,-1.17,-3.67,-1.17,-10.12,3.96,-12.76
2025-09-23,2025-09-23,"忽買忽賣 撲朔迷離 時不我予 沉潛休息 看似很弱 實則透強 台積獨強 其餘免談",neutral,0,input,https://www.cmoney.tw/forum/article/173923679,3760,3700,-2.89,-7.84,-8.24,-5,-17.16,0.54,-19.59
2025-09-22,2025-09-22,"❤️❤️❤️ 台北有風有雨",bullish,1,input,https://www.cmoney.tw/forum/article/173896366,3750,3760,0.27,-1.6,-7.85,-8.38,-16.22,1.73,-20.88
2025-09-18,2025-09-18,"針對今天世芯股價的弱勢",bullish,1,input,https://www.cmoney.tw/forum/article/173826668,3760,3720,-1.59,0.81,-9.41,-11.02,-9.81,4.3,-20.03
2025-09-17,2025-09-17,"今天是（雞湯文）➕（打氣文）➕（回顧文）",bullish,1,input,https://www.cmoney.tw/forum/article/173796777,3680,3760,2.04,-1.06,-9.31,-12.63,-13.96,3.19,-20.88
2025-09-16,2025-09-16,"❤️❤️ 除了之前",bearish,-1,input,https://www.cmoney.tw/forum/article/173771358,3725,3680,-1.08,2.17,0.54,-7.74,-16.17,5.43,-19.16
2025-09-12,2025-09-12,"今天 世芯的（弱勢）",bearish,-1,input,https://www.cmoney.tw/forum/article/173709276,3925,3790,-3.81,-1.72,-1.06,-13.59,-18.73,2.37,-21.5
2025-09-11,2025-09-11,"此刻 我最愛的粉絲們",bullish,1,input,https://www.cmoney.tw/forum/article/173680790,3940,3925,-0.63,-3.44,-5.22,-14.14,-21.66,0.38,-22.68
2025-09-10,2025-09-10,"無事不登三寶殿",bullish,1,input,https://www.cmoney.tw/forum/article/173654322,3915,3940,-0.25,-0.38,-4.57,-13.45,-14.47,1.02,-18.27
2025-09-08,2025-09-08,"希望沒打擾到大家",bullish,1,input,https://www.cmoney.tw/forum/article/173604720,3970,3975,-3.05,-1.51,-6.29,-5.41,-13.33,1.38,-18.99
2025-09-08,2025-09-08,"❤️❤️ 最近 我會比較忙",bullish,1,input,https://www.cmoney.tw/forum/article/173597066,3970,3975,-3.05,-1.51,-6.29,-5.41,-13.33,1.38,-18.99
2025-09-04,2025-09-04,"❤️❤️ 今天 又是個",neutral,0,input,https://www.cmoney.tw/forum/article/173531075,3980,3850,-5.06,3.12,1.95,-3.38,-14.03,6.49,-16.36
2025-09-03,2025-09-03,"❤️❤️ 如果有把我 最近頻繁發文的幾篇 （預告文）",neutral,0,input,https://www.cmoney.tw/forum/article/173498871,3845,3980,2.84,-3.27,-1.01,-5.53,-17.46,3.02,-19.1
2025-09-02,2025-09-02,"❤️❤️ 今天是9 月的第二天",bearish,-1,input,https://www.cmoney.tw/forum/article/173474594,3915,3845,-2.16,3.51,1.82,-4.29,-11.7,6.63,-16.25
2025-09-01,2025-09-01,"❤️❤️❤️ 上週三",bearish,-1,input,https://www.cmoney.tw/forum/article/173457705,4055,3915,-2.73,-1.79,1.53,-4.85,-11.49,4.73,-17.75
2025-08-31,2025-09-01,"❤️❤️❤️ 有學齡且未成年的小朋友之家長好朋友們",neutral,0,input,https://www.cmoney.tw/forum/article/173435236,4055,3915,-2.73,-1.79,1.53,-4.85,-11.49,4.73,-17.75
2025-08-29,2025-08-29,"提醒 ❤️❤️❤️ 我最愛的粉絲們",bullish,1,input,https://www.cmoney.tw/forum/article/173411910,4000,4055,-1.82,-3.45,-2.1,-6.54,-19.24,1.11,-20.35
2025-08-29,2025-08-29,"一早我就被 連串的（七夕情人節快樂）的Line 貼圖給吵醒",bullish,1,input,https://www.cmoney.tw/forum/article/173408058,4000,4055,-1.82,-3.45,-2.1,-6.54,-19.24,1.11,-20.35
2025-08-27,2025-08-27,"又站上4000 整數關卡了",bullish,1,input,https://www.cmoney.tw/forum/article/173357712,3980,4080,2.26,-1.96,-2.45,-3.43,-16.42,2.7,-17.4
2025-08-21,2025-08-21,"❤️❤️❤️",neutral,0,input,https://www.cmoney.tw/forum/article/173241758,3660,3785,2.85,-2.51,5.68,1.72,-1.72,10.7,-2.91
2025-08-13,2025-08-13,"我知道您們很焦急",neutral,0,input,https://www.cmoney.tw/forum/article/173078273,4075,4120,-0.6,3.16,-11.17,-0.97,-4.37,8.5,-11.77
2025-08-11,2025-08-11,"我的眼壓太高",neutral,0,input,https://www.cmoney.tw/forum/article/173020328,3840,3910,2.89,4.22,8.18,-0.38,1.66,14.32,-7.03
2025-08-06,2025-08-06,"我的眼科醫生 臨時要幫別人開一個 （角膜移植）的大手術",bearish,-1,input,https://www.cmoney.tw/forum/article/172915292,3750,3710,-0.54,1.48,11.05,-1.35,7.28,20.49,-2.02
2025-07-31,2025-07-31,"我的 上篇文",neutral,0,input,https://www.cmoney.tw/forum/article/172781634,3750,3885,3.19,0.26,-3.09,9.4,2.96,15.06,-6.44
2025-07-24,2025-07-24,"趁著 我的眼睛尚未開刀",bullish,1,input,https://www.cmoney.tw/forum/article/172639524,3825,3975,2.85,-2.26,-2.26,-5.28,-4.78,12.45,-8.55
2025-07-22,2025-07-22,"自認是 言之有物 嘔心瀝血",neutral,0,input,https://www.cmoney.tw/forum/article/172588196,3780,3720,-2.62,2.82,2.55,0.81,8.47,20.16,-1.88
2025-07-16,2025-07-16,"世芯-KY 想有一天",bullish,1,input,https://www.cmoney.tw/forum/article/172474993,3370,3600,5.88,4.31,6.25,4.17,14.44,16.25,1.11
2025-07-09,2025-07-09,"6月營收公布後",neutral,0,input,https://www.cmoney.tw/forum/article/172348007,3215,3365,4.34,2.82,6.98,13.67,10.25,18.87,-2.23
2025-07-06,2025-07-07,"颱風夜的感謝與下週的溫馨提醒 各位世芯的好朋友們",bullish,1,input,https://www.cmoney.tw/forum/article/172286604,3190,3220,0.63,-0.16,2.8,17.39,16.61,24.22,-1.71
2025-07-04,2025-07-04,"❤️❤️❤️ 希望沒打擾到您休息哦",bullish,1,input,https://www.cmoney.tw/forum/article/172271116,3175,3190,-0.31,0.94,7.52,23.2,22.1,25.39,-1.57
2025-04-11,2025-04-11,"這是今天（第二篇）文",bullish,1,input,https://www.cmoney.tw/forum/article/170575346,2135,2125,8.7,4.94,3.76,1.65,19.06,19.06,-6.12
2025-04-11,2025-04-11,"依舊很勇敢的出來跟喜愛我的好朋友們聊聊",bullish,1,input,https://www.cmoney.tw/forum/article/170565154,2135,2125,8.7,4.94,3.76,1.65,19.06,19.06,-6.12
2025-04-10,2025-04-10,"昨晚上我睡前 喝了比較多水",neutral,0,input,https://www.cmoney.tw/forum/article/170505787,1945,2135,0,-0.47,3.75,-1.17,7.73,11.71,-8.43
2025-04-08,2025-04-08,"這個是今天第二篇文",bearish,-1,input,https://www.cmoney.tw/forum/article/170439652,2395,2160,0,-9.95,9.26,-7.64,3.24,10.42,-9.95
2025-04-08,2025-04-08,"是近乎無腦的硬湊",neutral,0,input,https://www.cmoney.tw/forum/article/170436065,2395,2160,0,-9.95,9.26,-7.64,3.24,10.42,-9.95
2025-04-06,2025-04-07,"https://www.ctee.com.tw/news/20250406700",neutral,0,input,https://www.cmoney.tw/forum/article/170355102,2660,2395,0,-9.81,-6.89,-12.11,-5.01,-0.63,-18.79
2025-04-06,2025-04-07,"https://www.ctee.com.tw/news/20250406700",neutral,0,input,https://www.cmoney.tw/forum/article/170354984,2660,2395,0,-9.81,-6.89,-12.11,-5.01,-0.63,-18.79
2025-04-04,2025-04-07,"起床看到綠油油",bearish,-1,input,https://www.cmoney.tw/forum/article/170290689,2660,2395,0,-9.81,-6.89,-12.11,-5.01,-0.63,-18.79
2025-04-03,2025-04-07,"假日第一天 早安安",bearish,-1,input,https://www.cmoney.tw/forum/article/170265524,2660,2395,0,-9.81,-6.89,-12.11,-5.01,-0.63,-18.79
2025-04-02,2025-04-02,"春假前的最後一天上班跟盯盤",neutral,0,input,https://www.cmoney.tw/forum/article/170235111,2665,2660,-0.75,-9.96,-20.11,-17.11,-14.47,-9.96,-26.88
2025-04-01,2025-04-01,"歡迎來到我每天的（心靈毒雞湯）",bearish,-1,input,https://www.cmoney.tw/forum/article/170202264,2740,2665,-4.99,-0.19,-19.89,-16.89,-13.7,2.25,-27.02
2025-03-31,2025-03-31,"這是今天的第二篇文",neutral,0,input,https://www.cmoney.tw/forum/article/170174358,2950,2740,-4.36,-2.74,-29.01,-20.8,-22.45,2.37,-29.01
2025-03-31,2025-03-31,"您手上是（現股）",bearish,-1,input,https://www.cmoney.tw/forum/article/170157501,2950,2740,-4.36,-2.74,-29.01,-20.8,-22.45,2.37,-29.01
2025-03-29,2025-03-31,"希望 沒有打擾到大家",neutral,0,input,https://www.cmoney.tw/forum/article/170113868,2950,2740,-4.36,-2.74,-29.01,-20.8,-22.45,2.37,-29.01
2025-03-28,2025-03-28,"萬綠叢中一點🌹",neutral,0,input,https://www.cmoney.tw/forum/article/170063116,2850,2950,3.51,-7.12,-26.78,-20,-26.27,-1.02,-34.07
2025-03-27,2025-03-27,"還在辛苦上班 或在忙碌 還來不及 對今天 大盤崩跌有太具體暸解原因的您們",bearish,-1,input,https://www.cmoney.tw/forum/article/170022191,2890,2850,0.18,3.51,-15.96,-21.75,-23.16,4.39,-31.75
2025-03-26,2025-03-26,"變幻莫測的天氣",neutral,0,input,https://www.cmoney.tw/forum/article/169986835,2845,2890,-0.17,-1.38,-7.96,-26.47,-25.26,2.94,-32.7
2025-03-25,2025-03-25,"這是今天的第二篇文",neutral,0,input,https://www.cmoney.tw/forum/article/169957909,2785,2845,-0.87,1.58,-6.33,-24.96,-25.83,4.57,-31.63
2025-03-25,2025-03-25,"本來覺得 會是（重覆 ）（膠著）的盤",neutral,0,input,https://www.cmoney.tw/forum/article/169942661,2785,2845,-0.87,1.58,-6.33,-24.96,-25.83,4.57,-31.63
2025-03-24,2025-03-24,"我對大盤的看法",bullish,1,input,https://www.cmoney.tw/forum/article/169904895,2830,2785,-3.13,2.15,-1.62,-30.16,-25.13,6.82,-30.16
2025-03-20,2025-03-20,"勿太看好或追高",bullish,1,input,https://www.cmoney.tw/forum/article/169792393,2840,2830,-2.25,0,0.71,-15.37,-25.62,5.12,-31.27
2025-03-19,2025-03-19,"輝達 GTC 黃仁勳",bearish,-1,input,https://www.cmoney.tw/forum/article/169759573,2885,2840,-1.56,-0.35,1.76,-6.34,-22.36,4.75,-31.51
2025-03-18,2025-03-18,"剛剛看了 今早 在此版的發文",bearish,-1,input,https://www.cmoney.tw/forum/article/169724890,2765,2885,2.85,-1.56,-1.39,-7.63,-23.22,3.12,-32.58
2025-03-17,2025-03-17,"越是混沌不明的",neutral,0,input,https://www.cmoney.tw/forum/article/169699526,2795,2765,-2.64,4.34,0.72,-0.9,-21.52,7.59,-29.66
2025-03-17,2025-03-17,"我人在醫院健檢",neutral,0,input,https://www.cmoney.tw/forum/article/169689688,2795,2765,-2.64,4.34,0.72,-0.9,-21.52,7.59,-29.66
2025-03-15,2025-03-17,"昨天因家中有事",neutral,0,input,https://www.cmoney.tw/forum/article/169646566,2795,2765,-2.64,4.34,0.72,-0.9,-21.52,7.59,-29.66
2025-03-13,2025-03-13,"面對 今天台北股市",bearish,-1,input,https://www.cmoney.tw/forum/article/169581399,2855,2845,-2.57,-1.76,-0.53,0.18,-21.62,4.57,-31.63
2025-03-12,2025-03-12,"1)沒有量的盤",bearish,-1,input,https://www.cmoney.tw/forum/article/169542501,2920,2855,-2.56,-0.35,-0.53,1.23,-25.57,4.2,-31.87
2025-03-11,2025-03-11,"這是今天第二篇文",bearish,-1,input,https://www.cmoney.tw/forum/article/169500935,2855,2920,6.57,-2.23,-1.2,-2.57,-26.88,2.4,-33.39
2025-03-11,2025-03-11,"我仍相信 （人性本善）",neutral,0,input,https://www.cmoney.tw/forum/article/169500248,2855,2920,6.57,-2.23,-1.2,-2.57,-26.88,2.4,-33.39
2025-03-10,2025-03-10,"這是今天的第二篇文",bullish,1,input,https://www.cmoney.tw/forum/article/169471030,2945,2855,-3.87,2.28,-3.15,-2.45,-31.87,4.73,-31.87
2025-03-10,2025-03-10,"當 世芯 因 2/27 法說",bearish,-1,input,https://www.cmoney.tw/forum/article/169464830,2945,2855,-3.87,2.28,-3.15,-2.45,-31.87,4.73,-31.87
2025-03-07,2025-03-07,"我前幾天說： 世芯 要真的有（明顯走勢）出來",neutral,0,input,https://www.cmoney.tw/forum/article/169381436,2890,2945,3.33,-3.06,-5.09,-3.9,-26.66,1.53,-26.66
2025-03-06,2025-03-06,"我想 我是累了",neutral,0,input,https://www.cmoney.tw/forum/article/169363163,3005,2890,-3.99,1.9,-1.56,-2.08,-17.13,3.46,-17.13
2025-03-06,2025-03-06,"神仙打架 戰況激烈 禿鷹又起 爾虞我詐 世芯從來 不缺謠言 爆出大量 所為何來",neutral,0,input,https://www.cmoney.tw/forum/article/169350221,3005,2890,-3.99,1.9,-1.56,-2.08,-17.13,3.46,-17.13
2025-03-05,2025-03-05,"抱歉 打擾了",bullish,1,input,https://www.cmoney.tw/forum/article/169327359,3025,3005,-1.8,-3.83,-4.99,-5.49,-11.48,0.5,-12.98
2025-03-05,2025-03-05,"簡短發表我的個人淺見",bullish,1,input,https://www.cmoney.tw/forum/article/169315892,3025,3005,-1.8,-3.83,-4.99,-5.49,-11.48,0.5,-12.98
2025-03-04,2025-03-04,"請恕我 今天只能（簡短）發文",neutral,0,input,https://www.cmoney.tw/forum/article/169279377,3075,3025,1.68,-0.66,-3.47,-4.63,-11.9,3.64,-12.07
2025-03-03,2025-03-03,"這是今天 （第二 ）篇文",bullish,1,input,https://www.cmoney.tw/forum/article/169242049,3285,3075,-2.54,-1.63,-7.15,-10.08,-10.89,1.95,-12.03
2025-03-03,2025-03-03,"今天 我只會發這篇 算短的文：大跌成這樣",neutral,0,input,https://www.cmoney.tw/forum/article/169238886,3285,3075,-2.54,-1.63,-7.15,-10.08,-10.89,1.95,-12.03
2025-02-27,2025-02-27,"我想 今天世芯的法說會",neutral,0,input,https://www.cmoney.tw/forum/article/169153398,3360,3285,-3.1,-6.39,-10.35,-14.92,-10.2,-3.65,-17.66
2025-02-27,2025-02-27,"面對今天 上市櫃 均（爆大量）下殺",bearish,-1,input,https://www.cmoney.tw/forum/article/169147897,3360,3285,-3.1,-6.39,-10.35,-14.92,-10.2,-3.65,-17.66
2025-02-26,2025-02-26,"今天 心情好嗎",neutral,0,input,https://www.cmoney.tw/forum/article/169110191,3305,3360,1.82,-2.23,-13.99,-15.33,-15.18,1.93,-19.49
2025-02-25,2025-02-25,"我罕見在晚上發文",neutral,0,input,https://www.cmoney.tw/forum/article/169085875,3445,3305,-1.78,1.66,-9.08,-13.62,-12.56,3.63,-18.15
2025-02-25,2025-02-25,"今天世芯的盤 很無聊",neutral,0,input,https://www.cmoney.tw/forum/article/169072101,3445,3305,-1.78,1.66,-9.08,-13.62,-12.56,3.63,-18.15
2025-02-24,2025-02-24,"因為 不停咳嗽嗽",bullish,1,input,https://www.cmoney.tw/forum/article/169036000,3450,3445,1.62,-4.06,-12.19,-15.24,-17.42,-0.58,-21.48
2025-02-23,2025-02-24,"希望 沒打擾到您哦",neutral,0,input,https://www.cmoney.tw/forum/article/169017756,3450,3445,1.62,-4.06,-12.19,-15.24,-17.42,-0.58,-21.48
2025-02-21,2025-02-21,"我這兩天都在大醫院看病（流感 感冒）身體不適",bullish,1,input,https://www.cmoney.tw/forum/article/168972066,3305,3450,4.55,-0.14,-10.87,-17.25,-19.28,-0.14,-21.59
2025-02-19,2025-02-19,"今天已發2 篇文",neutral,0,input,https://www.cmoney.tw/forum/article/168913904,3520,3380,-3.15,-2.22,-0.59,-14.5,-16.27,2.07,-19.97
2025-02-19,2025-02-19,"續今天前文：（抱歉 腦子壞了",bullish,1,input,https://www.cmoney.tw/forum/article/168904020,3520,3380,-3.15,-2.22,-0.59,-14.5,-16.27,2.07,-19.97
2025-02-19,2025-02-19,"今天只能發短文",neutral,0,input,https://www.cmoney.tw/forum/article/168901371,3520,3380,-3.15,-2.22,-0.59,-14.5,-16.27,2.07,-19.97
2025-02-18,2025-02-18,"慎防做空禿鷹",neutral,0,input,https://www.cmoney.tw/forum/article/168878869,3590,3520,-2.22,-3.98,-6.11,-14.63,-19.32,0.71,-23.15
2025-02-18,2025-02-18,"今天台北 濕冷的天氣 就像世芯今天的走勢一樣",neutral,0,input,https://www.cmoney.tw/forum/article/168874751,3590,3520,-2.22,-3.98,-6.11,-14.63,-19.32,0.71,-23.15
2025-02-17,2025-02-17,"今天心情好嗎",neutral,0,input,https://www.cmoney.tw/forum/article/168845157,3610,3590,-0.97,-1.95,-4.04,-15.74,-19.64,1.11,-24.65
2025-02-16,2025-02-17,"希望沒打擾到大家",neutral,0,input,https://www.cmoney.tw/forum/article/168821988,3610,3590,-0.97,-1.95,-4.04,-15.74,-19.64,1.11,-24.65
2025-02-13,2025-02-13,"我今天 寫文 比較晚",neutral,0,input,https://www.cmoney.tw/forum/article/168745345,3580,3665,1.95,-1.5,-9.82,-10.37,-23.74,3.27,-26.19
2025-02-12,2025-02-12,"諸事圓圓滿滿",neutral,0,input,https://www.cmoney.tw/forum/article/168707376,3525,3580,0.85,2.37,-5.59,-6.15,-20.53,5.73,-24.44
2025-02-11,2025-02-11,"今天是難得風和日麗的好天氣",neutral,0,input,https://www.cmoney.tw/forum/article/168677086,3480,3525,0.71,1.56,-0.14,-6.24,-19.01,7.38,-23.26
2025-02-10,2025-02-10,"我很少這麼早發文",bearish,-1,input,https://www.cmoney.tw/forum/article/168640900,3605,3480,-2.93,1.29,3.16,-1.01,-16.09,8.76,-22.27
2025-02-07,2025-02-07,"外面是極度濕寒的天氣",bullish,1,input,https://www.cmoney.tw/forum/article/168570216,3350,3605,6.81,-3.47,0.14,-4.3,-20.8,4.99,-21.64
2025-02-06,2025-02-06,"今天的心情如何呢",bullish,1,input,https://www.cmoney.tw/forum/article/168541939,3345,3350,-1.03,7.61,9.4,-1.34,-12.09,12.99,-15.22
2025-02-05,2025-02-05,"對於大部分的人來說：今天的心情應該是愉悅且輕鬆的",bullish,1,input,https://www.cmoney.tw/forum/article/168510442,3245,3345,2.61,0.15,7.03,1.05,-13.6,13.15,-13.6
2025-02-04,2025-02-04,"今天心情好嗎",bearish,-1,input,https://www.cmoney.tw/forum/article/168478052,2950,3245,8.53,3.08,8.63,8.47,-7.4,16.64,-9.55
2025-02-03,2025-02-03,"平安健康是福",bearish,-1,input,https://www.cmoney.tw/forum/article/168450293,3130,2950,4.42,10,17.97,21.69,2.54,28.31,-0.51
2025-01-20,2025-01-20,"我之前 有提醒大家：世芯能不能（再築出）波段（底部）",neutral,0,input,https://www.cmoney.tw/forum/article/168160347,2905,3165,7.65,-1.9,5.69,13.11,6.16,19.59,-10.74
2025-01-16,2025-01-16,"針對 我自己個人淺見 ：覺得 以下 魏哲家 在會中 釋出之產業訊息",bullish,1,input,https://www.cmoney.tw/forum/article/168077612,2920,2920,-2.01,-0.51,1.03,19.18,17.98,29.62,-3.25
2025-01-16,2025-01-16,"今天看不出來強弱",bullish,1,input,https://www.cmoney.tw/forum/article/168071948,2920,2920,-2.01,-0.51,1.03,19.18,17.98,29.62,-3.25
2025-01-16,2025-01-16,"暴跌1500 點後的反彈⋯⋯當然會（先彈）之前 崩最慘",bullish,1,input,https://www.cmoney.tw/forum/article/168063129,2920,2920,-2.01,-0.51,1.03,19.18,17.98,29.62,-3.25
2025-01-15,2025-01-15,"今天不分析世芯",neutral,0,input,https://www.cmoney.tw/forum/article/168031117,2845,2920,3,0,7.19,23.46,18.15,29.62,-3.25
2025-01-14,2025-01-14,"因爲 家中有事",bearish,-1,input,https://www.cmoney.tw/forum/article/168000288,2795,2845,1.97,2.64,9.14,17.75,16.17,33.04,-0.88
2025-01-13,2025-01-13,"我在上週六晚上 發個 請大家 小心網路詐騙的文",bearish,-1,input,https://www.cmoney.tw/forum/article/167967496,2945,2795,-3.12,1.79,13.24,19.68,20.93,35.42,-0.72
2025-01-12,2025-01-13,"爲什麼 我發的文",neutral,0,input,https://www.cmoney.tw/forum/article/167935714,2945,2795,-3.12,1.79,13.24,19.68,20.93,35.42,-0.72
2025-01-11,2025-01-13,"別感冒傷風哦",bullish,1,input,https://www.cmoney.tw/forum/article/167933773,2945,2795,-3.12,1.79,13.24,19.68,20.93,35.42,-0.72
2025-01-10,2025-01-10,"補充 ：外資對世芯2024 EPS的（最新）預估：",neutral,0,input,https://www.cmoney.tw/forum/article/167910072,3100,2945,-4.38,-5.09,-1.36,10.19,19.52,28.52,-5.77
2025-01-10,2025-01-10,"出來行走江湖",neutral,0,input,https://www.cmoney.tw/forum/article/167902741,3100,2945,-4.38,-5.09,-1.36,10.19,19.52,28.52,-5.77
2025-01-09,2025-01-09,"面對 連續幾天的 （綠油油）",bearish,-1,input,https://www.cmoney.tw/forum/article/167860475,3075,3100,0.81,-5,-5.81,-4.84,15.81,22.1,-10.48
2025-01-08,2025-01-08,"今天的盤勢 十分低迷 膠著",neutral,0,input,https://www.cmoney.tw/forum/article/167821104,3200,3075,-2.84,0.81,-5.04,1.79,17.4,23.09,-9.76
2025-01-07,2025-01-07,"今天的盤勢 是否 與我昨日 跟大家分享的一樣：選股為王",bearish,-1,input,https://www.cmoney.tw/forum/article/167783471,3095,3200,1.59,-3.91,-11.09,-2.97,14.53,16.72,-13.28
2025-01-06,2025-01-06,"今天 世芯 是不是能站上月線（大概在3095）",neutral,0,input,https://www.cmoney.tw/forum/article/167750096,2995,3095,1.48,3.39,-9.69,2.26,15.67,18.09,-10.34
2025-01-03,2025-01-03,"昨天盤中是：（理想汽車）的舊聞",bearish,-1,input,https://www.cmoney.tw/forum/article/167682198,3100,2995,-4.01,3.34,-1.67,-3.01,17.7,22.04,-7.35
2025-01-02,2025-01-02,"今天的世芯殺很大啊",neutral,0,input,https://www.cmoney.tw/forum/article/167647151,3280,3100,-4.76,-3.39,0,-5.81,12.26,17.9,-10.48
2024-12-31,2024-12-31,"收盤快樂喔🎉",neutral,0,input,https://www.cmoney.tw/forum/article/167596063,3215,3280,2.18,-5.49,-6.25,-10.98,9.91,11.43,-15.4
2024-12-30,2024-12-30,"看到今天的回檔 是不是又開始 沒信心",bullish,1,input,https://www.cmoney.tw/forum/article/167558921,3325,3215,-2.87,2.02,-0.47,-11.51,4.2,5.29,-13.69
2024-12-27,2024-12-27,"因為 我仍需休養身體",bullish,1,input,https://www.cmoney.tw/forum/article/167481562,3200,3325,3.91,-3.31,-6.92,-15.94,0.6,1.65,-16.54
2024-12-26,2024-12-26,"這兩三天過得好嗎",neutral,0,input,https://www.cmoney.tw/forum/article/167456151,3220,3200,-0.47,3.91,-6.41,-7.97,1.41,4.38,-13.28
2024-12-23,2024-12-23,"有沒有被震出去呢",neutral,0,input,https://www.cmoney.tw/forum/article/167369543,3235,3315,-0.15,-2.26,-3.02,-3.47,-6.33,1.06,-16.29
2024-12-21,2024-12-23,"冬至假日 午安安",neutral,0,input,https://www.cmoney.tw/forum/article/167343164,3235,3315,-0.15,-2.26,-3.02,-3.47,-6.33,1.06,-16.29
2024-12-21,2024-12-23,"菩提本無樹 明鏡亦非臺 本來無一物 何處惹塵埃 我本想 ： （事了拂衣去 深藏",neutral,0,input,https://www.cmoney.tw/forum/article/167339331,3235,3315,-0.15,-2.26,-3.02,-3.47,-6.33,1.06,-16.29
2024-12-20,2024-12-20,"這一週 大家 過得還好嗎",bullish,1,input,https://www.cmoney.tw/forum/article/167331429,3345,3235,-2.85,2.47,2.78,-4.33,-2.16,3.55,-14.22
2024-12-19,2024-12-19,"世芯的主力 是不是 如我 (N次）的善意提醒",bullish,1,input,https://www.cmoney.tw/forum/article/167304901,3340,3345,3.24,-3.29,-4.33,-10.46,-13.15,0.75,-17.04
2024-12-18,2024-12-18,"我依舊與大家同在",bullish,1,input,https://www.cmoney.tw/forum/article/167276643,3320,3340,-0.45,0.15,-3.59,-7.19,-12.57,0.9,-16.92
2024-12-16,2024-12-16,"既然 很多好朋友們 還是希望我 （有空）時能繼繻發文跟大家分享",bullish,1,input,https://www.cmoney.tw/forum/article/167225189,2900,3020,1.17,9.93,9.77,6.46,-5.79,11.75,-8.11
2024-12-13,2024-12-13,"非常高興 榮幸",neutral,0,input,https://www.cmoney.tw/forum/article/167185054,2745,2900,5.45,4.14,11.55,14.66,-3.62,16.38,-4.14
2024-12-11,2024-12-11,"今天的尾盤 有沒有讓大家 看到 主力的任性呢",neutral,0,input,https://www.cmoney.tw/forum/article/167130742,2645,2675,1.52,2.62,24.86,20.37,15.89,26.17,1.12
2024-12-10,2024-12-10,"續 今日 我 前文",neutral,0,input,https://www.cmoney.tw/forum/article/167108730,2675,2645,-0.56,1.13,25.52,22.5,16.26,27.6,-1.13
2024-12-10,2024-12-10,"股市分很多派",bearish,-1,input,https://www.cmoney.tw/forum/article/167102656,2675,2645,-0.56,1.13,25.52,22.5,16.26,27.6,-1.13
2024-12-09,2024-12-09,"不曉得 上週五 跟今天早盤下殺到綠時 有沒有人被（洗掉）呢",bullish,1,input,https://www.cmoney.tw/forum/article/167072302,2560,2675,3.68,-1.12,12.9,23.93,19.63,26.17,-2.24
2024-12-08,2024-12-09,"亞馬遜 週五收盤創（歷史新高）的啟示：（包含其他雲端大廠 如 Meta) ,而輝",bullish,1,input,https://www.cmoney.tw/forum/article/167052413,2560,2675,3.68,-1.12,12.9,23.93,19.63,26.17,-2.24
2024-12-07,2024-12-09,"本週大戶籌碼 在400 600 800 1000 張都是增加的",bearish,-1,input,https://www.cmoney.tw/forum/article/167044097,2560,2675,3.68,-1.12,12.9,23.93,19.63,26.17,-2.24
2024-12-06,2024-12-06,"沒有股票是每天漲停板的",bearish,-1,input,https://www.cmoney.tw/forum/article/167028947,2575,2560,-2.29,4.49,13.28,26.37,20.9,31.84,-0.78
2024-12-05,2024-12-05,"真的要恭喜 還在車上 對世芯（不離不棄）的好朋友們",bullish,1,input,https://www.cmoney.tw/forum/article/167003133,2345,2575,7.29,-0.58,6.6,29.9,16.31,31.07,-1.36
2024-12-05,2024-12-05,"世芯的好朋友們 大家早安",bullish,1,input,https://www.cmoney.tw/forum/article/166995755,2345,2575,7.29,-0.58,6.6,29.9,16.31,31.07,-1.36
2024-12-04,2024-12-04,"世芯的好朋友們 大家早安",neutral,0,input,https://www.cmoney.tw/forum/article/166967503,2190,2345,6.83,9.81,14.07,42.43,32.2,43.92,1.71
2024-12-03,2024-12-03,"價值投資者 ：對公司（前景發展 ）及 其主要（客戶變化 ）是需要隨時掌握的",bullish,1,input,https://www.cmoney.tw/forum/article/166947923,2265,2190,-3.31,7.08,20.78,51.6,49.77,54.11,0.23
2024-12-02,2024-12-02,"今晚 即時 （重磅消息）",neutral,0,input,https://www.cmoney.tw/forum/article/166934651,2215,2265,1.34,-3.31,18.1,33.33,41.94,49.01,-3.31
2024-12-02,2024-12-02,"再度恭喜還在車上的大家",bullish,1,input,https://www.cmoney.tw/forum/article/166925471,2215,2265,1.34,-3.31,18.1,33.33,41.94,49.01,-3.31
2024-11-30,2024-12-02,"北部持續低溫特報 還好太陽公公出來露臉",neutral,0,input,https://www.cmoney.tw/forum/article/166876813,2215,2265,1.34,-3.31,18.1,33.33,41.94,49.01,-3.31
2024-11-29,2024-11-29,"恭喜 還在世芯車上的好朋友們",bullish,1,input,https://www.cmoney.tw/forum/article/166852991,2140,2215,3.75,2.26,15.58,30.93,50.11,52.37,-1.13
2024-11-28,2024-11-28,"不管是否有何宗教信仰的世芯好朋友們",neutral,0,input,https://www.cmoney.tw/forum/article/166828110,2160,2140,-1.38,3.5,20.33,28.27,49.53,57.71,-0.7
2024-11-28,2024-11-28,"洗盤過程很煎熬痛苦",bullish,1,input,https://www.cmoney.tw/forum/article/166807354,2160,2140,-1.38,3.5,20.33,28.27,49.53,57.71,-0.7
2024-11-27,2024-11-27,"今天 其實沒什麼可分析的",bearish,-1,input,https://www.cmoney.tw/forum/article/166780968,2250,2160,-4.21,-0.93,8.56,23.84,49.07,56.25,-4.17
2024-11-26,2024-11-26,"台積電殺尾盤",bullish,1,input,https://www.cmoney.tw/forum/article/166744151,2315,2250,-2.17,-4,-2.67,17.56,44,50,-8
2024-11-25,2024-11-25,"1.今天 是MSCI 調整台股比重的日子",neutral,0,input,https://www.cmoney.tw/forum/article/166721053,2355,2315,-2.32,-2.81,-2.16,15.55,43.2,45.79,-10.58
2024-11-23,2024-11-25,"昨晚台南連續大地震",bullish,1,input,https://www.cmoney.tw/forum/article/166673530,2355,2315,-2.32,-2.81,-2.16,15.55,43.2,45.79,-10.58
2024-11-22,2024-11-22,"今天 台股 尤其是上市指數 迎來久違的大漲",bullish,1,input,https://www.cmoney.tw/forum/article/166653891,2300,2355,0.86,-1.7,-5.94,8.7,37.37,43.31,-12.1
2024-11-21,2024-11-21,"量縮水淺如何能有大魚",bearish,-1,input,https://www.cmoney.tw/forum/article/166618049,2330,2300,-0.86,2.39,-6.96,11.96,45.43,46.74,-10
2024-11-20,2024-11-20,"量縮成這樣 當然是休兵一天",neutral,0,input,https://www.cmoney.tw/forum/article/166575340,2355,2330,-1.27,-1.29,-7.3,0.64,43.35,44.85,-11.16
2024-11-19,2024-11-19,"是不是 像我早盤說的（多空雙殺） 洗籌碼呢",neutral,0,input,https://www.cmoney.tw/forum/article/166544461,2270,2355,2.39,-1.06,-4.46,-7.01,40.98,40.98,-12.1
2024-11-19,2024-11-19,"法說會 比較是對（價值投資者）對該公司 未來前景的明確指引",bullish,1,input,https://www.cmoney.tw/forum/article/166540908,2270,2355,2.39,-1.06,-4.46,-7.01,40.98,40.98,-12.1
2024-11-19,2024-11-19,"有世芯的好朋友 傳連結給我 要我解讀 今天 世芯（全英文）的法說會",bullish,1,input,https://www.cmoney.tw/forum/article/166530127,2270,2355,2.39,-1.06,-4.46,-7.01,40.98,40.98,-12.1
2024-11-18,2024-11-18,"感謝 今天下午 （股市小白）大",neutral,0,input,https://www.cmoney.tw/forum/article/166526494,2305,2270,-1.09,3.74,1.98,-0.22,33.04,35.02,-8.81
2024-11-18,2024-11-18,"今天 又是 電子股 腥風血雨的一天",bearish,-1,input,https://www.cmoney.tw/forum/article/166516699,2305,2270,-1.09,3.74,1.98,-0.22,33.04,35.02,-8.81
2024-11-16,2024-11-18,"週六 通常要來追蹤大戶籌碼： 剛看世芯本週大戶籌碼：400 張大戶增加 600",bearish,-1,input,https://www.cmoney.tw/forum/article/166471265,2305,2270,-1.09,3.74,1.98,-0.22,33.04,35.02,-8.81
2024-11-15,2024-11-15,"痛苦的大回檔一週 終於過完了",neutral,0,input,https://www.cmoney.tw/forum/article/166449278,2305,2305,-0.43,-1.52,2.17,-3.9,25.81,26.68,-10.2
2024-11-14,2024-11-14,"世芯的主力 控盤控得十分漂亮",bullish,1,input,https://www.cmoney.tw/forum/article/166412433,2290,2305,-0.22,0,-0.22,-7.16,19.09,19.09,-10.2
2024-11-13,2024-11-13,"剛剛 世芯 在股市公開關觀測站 發重訊： 將在 11/18 下週一 上午11:0",neutral,0,input,https://www.cmoney.tw/forum/article/166377258,2315,2290,-1.72,0.66,1.75,-5.68,16.81,19.21,-9.61
2024-11-13,2024-11-13,"今天 上市櫃 收盤 均收最低",bearish,-1,input,https://www.cmoney.tw/forum/article/166375609,2315,2290,-1.72,0.66,1.75,-5.68,16.81,19.21,-9.61
2024-11-12,2024-11-12,"覆巢之下無完卵",neutral,0,input,https://www.cmoney.tw/forum/article/166344848,2435,2315,-3.54,-1.08,1.73,-2.81,14.25,17.93,-10.58
2024-11-11,2024-11-11,"尾盤 來個大驚喜",bullish,1,input,https://www.cmoney.tw/forum/article/166297103,2420,2435,1.46,-4.93,-6.78,-4.93,9.86,10.06,-14.99
2024-11-09,2024-11-11,"針對世芯的10 月營收",neutral,0,input,https://www.cmoney.tw/forum/article/166256592,2420,2435,1.46,-4.93,-6.78,-4.93,9.86,10.06,-14.99
2024-11-08,2024-11-08,"世芯的主力 今天辛苦了",bullish,1,input,https://www.cmoney.tw/forum/article/166242353,2410,2420,-1.22,0.62,-4.75,-2.69,5.79,9.5,-14.46
2024-11-06,2024-11-06,"今天 心情較輕鬆 再來講個笑話",neutral,0,input,https://www.cmoney.tw/forum/article/166159269,2195,2410,8.56,0,-4.98,-3.32,-2.7,3.32,-14.11
2024-11-06,2024-11-06,"流淚播種者 必歡呼而收割",bullish,1,input,https://www.cmoney.tw/forum/article/166156245,2195,2410,8.56,0,-4.98,-3.32,-2.7,3.32,-14.11
2024-11-04,2024-11-04,"我個人 是不太擔心 英特爾",neutral,0,input,https://www.cmoney.tw/forum/article/166100077,2030,2180,1.87,0.69,11.7,4.13,3.9,14.22,-5.05
2024-11-04,2024-11-04,"恭喜 堅持到今天的 世芯 好朋友們",neutral,0,input,https://www.cmoney.tw/forum/article/166099627,2030,2180,1.87,0.69,11.7,4.13,3.9,14.22,-5.05
2024-11-02,2024-11-04,"今晚 21:00 左右 世芯 跟聯發科 各自發重訊；聯發科透過子公司 參與世芯私",bearish,-1,input,https://www.cmoney.tw/forum/article/166058018,2030,2180,1.87,0.69,11.7,4.13,3.9,14.22,-5.05
2024-11-01,2024-11-01,"世芯的法說會 是全英文",neutral,0,input,https://www.cmoney.tw/forum/article/166048455,2040,2030,0.5,7.39,19.21,13.55,9.11,22.66,1.97
2024-10-31,2024-11-01,"對於 大摩 （急沖沖 ）在法說會的（前夕 ）突然來個360 度大翻轉 寫了篇（太",neutral,0,input,https://www.cmoney.tw/forum/article/166008217,2040,2030,0.5,7.39,19.21,13.55,9.11,22.66,1.97
2024-10-30,2024-10-30,"剛剛 15:23 左右 世芯 已透過 股市公開觀測站 發重訊：如我之前說的 Q3",neutral,0,input,https://www.cmoney.tw/forum/article/165999527,1900,2040,5.7,-0.49,18.14,12.99,4.9,22.06,-3.68
2024-10-30,2024-10-30,"妖股 🈶個特性",neutral,0,input,https://www.cmoney.tw/forum/article/165994767,1900,2040,5.7,-0.49,18.14,12.99,4.9,22.06,-3.68
2024-10-29,2024-10-29,"持有世芯的朋友們 大家辛苦了",bearish,-1,input,https://www.cmoney.tw/forum/article/165966271,1895,1900,0,7.37,26.84,20.53,13.68,31.05,1.32
2024-10-29,2024-10-29,"1.世芯的法說會 通常會跟公布每一季的季報 同時間 而且 每季的時間非常（固定）",neutral,0,input,https://www.cmoney.tw/forum/article/165949625,1895,1900,0,7.37,26.84,20.53,13.68,31.05,1.32
2024-10-28,2024-10-28,"漲時重勢 跌時重質",bearish,-1,input,https://www.cmoney.tw/forum/article/165936612,1880,1895,0,0.26,15.83,22.16,18.73,31.4,-1.85
2024-10-27,2024-10-28,"外資 我們小散戶 沒辦法管",neutral,0,input,https://www.cmoney.tw/forum/article/165920903,1880,1895,0,0.26,15.83,22.16,18.73,31.4,-1.85
2024-10-27,2024-10-28,"來簡單 介紹一下 流片（tape out) 的意義跟重要性",neutral,0,input,https://www.cmoney.tw/forum/article/165917482,1880,1895,0,0.26,15.83,22.16,18.73,31.4,-1.85
2024-10-26,2024-10-28,"對於 現在 還對世芯 不離不棄 選擇相信的 長期投資者 也包含我自己 真的要說一",neutral,0,input,https://www.cmoney.tw/forum/article/165900478,1880,1895,0,0.26,15.83,22.16,18.73,31.4,-1.85
2024-10-25,2024-10-25,"財報未公布前 所有的猜測 也只是（猜測）而已",neutral,0,input,https://www.cmoney.tw/forum/article/165890548,1980,1880,-4.33,0.8,15.96,29.52,23.14,32.45,-1.06
2024-10-24,2024-10-24,"今天盤勢極差 主力想拉 很困難",bullish,1,input,https://www.cmoney.tw/forum/article/165859763,2020,1980,-1.98,-5.05,2.53,22.22,18.94,25.76,-6.06
2024-10-23,2024-10-23,"今天量不夠 明顯是防守盤 無法攻擊",bearish,-1,input,https://www.cmoney.tw/forum/article/165831817,2045,2020,-0.74,-1.98,0.99,19.31,13.86,23.27,-7.92
2024-10-21,2024-10-21,"其實 持有世芯的投資者 不用太拘泥於 是不是 都是（散戶）在買世芯",bullish,1,input,https://www.cmoney.tw/forum/article/165784511,1880,1980,4.21,3.28,-4.29,10.86,18.94,25.76,-6.06
2024-10-21,2024-10-21,"股市 其實就是個殘忍的 （零合遊戲）",neutral,0,input,https://www.cmoney.tw/forum/article/165782018,1880,1980,4.21,3.28,-4.29,10.86,18.94,25.76,-6.06
2024-10-21,2024-10-21,"行情總在絕望時誕生",neutral,0,input,https://www.cmoney.tw/forum/article/165776283,1880,1980,4.21,3.28,-4.29,10.86,18.94,25.76,-6.06
2024-10-19,2024-10-21,"AI初期 模型的建構 必需大量用 （訓練）的晶片",neutral,0,input,https://www.cmoney.tw/forum/article/165748287,1880,1980,4.21,3.28,-4.29,10.86,18.94,25.76,-6.06
2024-10-19,2024-10-21,"英特爾 就是個 翻來覆去 今天說這樣 明天改那樣 的公司 沒個準的",neutral,0,input,https://www.cmoney.tw/forum/article/165747070,1880,1980,4.21,3.28,-4.29,10.86,18.94,25.76,-6.06
2024-10-18,2024-10-18,"最近 世芯 （借券空）的張數 倒是減了不少",neutral,0,input,https://www.cmoney.tw/forum/article/165712671,1910,1880,-2.59,5.32,0,15.96,20.74,32.45,-1.06
2024-10-17,2024-10-17,"他人笑我隧他笑 我笑他人太癡呆",bullish,1,input,https://www.cmoney.tw/forum/article/165704707,1955,1910,-2.55,-1.57,3.66,6.28,20.68,30.37,-2.62
2024-10-17,2024-10-17,"現在台股 不需研究基本面 要（敢賭）（愛賭） 才會贏",neutral,0,input,https://www.cmoney.tw/forum/article/165702127,1955,1910,-2.55,-1.57,3.66,6.28,20.68,30.37,-2.62
2024-10-16,2024-10-16,"昨天有提到 世芯的（妖股股性）就是（逆勢）",neutral,0,input,https://www.cmoney.tw/forum/article/165663581,1940,1955,2.36,-2.3,3.32,4.35,17.9,27.37,-4.86
2024-10-16,2024-10-16,"（盛極而衰）（否極泰來）（禍福相倚）（物極必反）（樂極生悲）",neutral,0,input,https://www.cmoney.tw/forum/article/165659355,1940,1955,2.36,-2.3,3.32,4.35,17.9,27.37,-4.86
2024-10-14,2024-10-14,"春江水暖鴨先知",bullish,1,input,https://www.cmoney.tw/forum/article/165614103,1915,1920,-0.78,1.04,3.13,-1.3,20.57,29.69,-3.13
2024-10-14,2024-10-14,"道家思想之大智慧 用在台股 亦放之四海皆準",neutral,0,input,https://www.cmoney.tw/forum/article/165604668,1915,1920,-0.78,1.04,3.13,-1.3,20.57,29.69,-3.13
2024-10-13,2024-10-14,"明天太陽還是會升起",bullish,1,input,https://www.cmoney.tw/forum/article/165601888,1915,1920,-0.78,1.04,3.13,-1.3,20.57,29.69,-3.13
2024-10-11,2024-10-11,"洗得越久 越狠 簡直搞到做多投資人精神崩潰洗到這個版面 全是空方得意洋洋",bearish,-1,input,https://www.cmoney.tw/forum/article/165565818,1855,1915,2.68,0.26,-1.83,-1.83,27.15,30.03,-2.87
2024-10-09,2024-10-09,"當消息多空紛雜 真假穿插難辨時 要如何 （不被）詐騙集團 有心人士及無良媒體 聯",neutral,0,input,https://www.cmoney.tw/forum/article/165512271,1855,1855,-4.13,3.23,2.96,6.74,30.46,34.23,-1.89
2024-10-08,2024-10-08,"籌碼真不好 三大法人一直賣 張數多到嚇人 尤其是大摩小摩 外加 借券空（有人說9",bearish,-1,input,https://www.cmoney.tw/forum/article/165485441,1865,1855,-0.8,0,5.39,8.89,29.92,34.23,-1.89
2024-10-07,2024-10-07,"搞不好 沒過幾天 有外資出來講 世芯是全世界第一個跨入異質整合（GAAFET)的",bearish,-1,input,https://www.cmoney.tw/forum/article/165470366,1885,1865,-2.61,-0.54,4.02,9.65,29.22,29.22,-3.22
2024-10-02,2024-10-04,"世芯版上 最近 出現很多 根本沒在買賣此股 沒在研究此股的 （真散戶）在那邊 落",neutral,0,input,https://www.cmoney.tw/forum/article/165395791,1925,1885,-1.05,-1.06,1.86,5.04,16.45,17.24,-4.24
2024-10-01,2024-10-01,"有時侯 爆大量後的幾天 還會破底 是不是（抄底失敗）很難定論 有一種型態 叫（假",neutral,0,input,https://www.cmoney.tw/forum/article/165377604,,1925,-3.51,-2.08,-0.52,-2.34,13.25,14.81,-6.23
2024-10-01,2024-10-01,"其實 世芯已跌了半年 也腰斬了 原因不就是 （2025 成長趨緩）嗎",bullish,1,input,https://www.cmoney.tw/forum/article/165362526,,1925,-3.51,-2.08,-0.52,-2.34,13.25,14.81,-6.23
2024-09-29,2024-10-01,"如果是價值型投資者 從現在開始看到2026 年 想要有翻倍以上的獲利 台積電 現",neutral,0,input,https://www.cmoney.tw/forum/article/165329113,,1925,-3.51,-2.08,-0.52,-2.34,13.25,14.81,-6.23
2024-09-27,2024-10-01,"個人淺見 不負責任言論 待日後驗證； 1.低檔爆大量 確實是有大戶主力抄底（護盤",bullish,1,input,https://www.cmoney.tw/forum/article/165278782,,1925,-3.51,-2.08,-0.52,-2.34,13.25,14.81,-6.23